name,email,nickname
Chris,müntze@email.com,chris
Alexey,alexey@email.com,alex
Thomas,thomas_ngandwe@email.com,thomas
Benjamin,benjamin@email.com,ben
Eric,eric@email.com,eric
Hans,Klampfenhansi@email.com,hans
