name;email;nickname
Müntze;müntze@email.com;ch_mntz
Alexey;alexey@email.com;aeey
Thomas Ngandwe;thomas_ngandwe@email.com;man_in_black
Ben;ben@email.com;take_it_easy
Eric;eric@email.com;ericsson
Klampfenhansi;Klampfenhansi@email.com;hans_bike
